{
  "sizes": {
    "fp16_gb": 130.385160446167,
    "int8_gb": 65.1925802230835,
    "int4_gb": 34.63355824351311,
    "3p5bit_gb": 32.59629011154175
  },
  "quality": {
    "int4_mean_error": 16.720691680908203,
    "int4_std_error": 0.5144838690757751,
    "3p5bit_mean_error": 14.94399642944336,
    "3p5bit_std_error": 0.49780866503715515
  },
  "performance": {
    "int4_mean_ms": 90.07847790111555,
    "int4_std_ms": 3.132940924174657,
    "3p5bit_mean_ms": 69.90249355453417,
    "3p5bit_std_ms": 2.515876398290235,
    "speedup_percent": 28.863039529256774
  }
}